,Index,Customer Id,First Name,Last Name,Company,City,Country,Phone 1,Phone 2,Email,Subscription Date,Website
0,1,dE014d010c7ab0c,None,Goodman,Stewart-Flynn,Rowlandberg,Macao,846-790-4623x4715,(422)787-2331x71127,marieyates@gomez-spencer.info,26-07-2021,http://www.shea.biz/
1,2,2B54172c8b65eC3,Alvin,Lane,"Terry, Proctor and Lawrence",Rowlandberg,Papua New Guinea,124-597-8652x05682,321.441.0588x6218,alexandra86@mccoy.com,24-06-2021,http://www.pena-cole.com/
2,3,d794Dd48988d2ac,Jenna,Harding,Bailey Group,Moniquemouth,China,(335)987-3085x3780,001-680-204-8312,justincurtis@pierce.org,05-04-2020,http://www.booth-reese.biz/
3,4,3b3Aa4aCc68f3Be,Fernando,Ford,Moss-Maxwell,Leeborough,Macao,(047)752-3122,048.779.5035x9122,adeleon@hubbard.org,29-11-2020,http://www.hebert.com/
4,5,D60df62ad2ae41E,Kara,Woods,Mccarthy-Kelley,Port Jacksonland,Nepal,+1-360-693-4419x19272,163-627-2565,jesus90@roberson.info,22-04-2022,http://merritt.com/
5,6,8aaa5d0CE9ee311,Marissa,Gamble,Cherry and Sons,Webertown,Sudan,001-645-334-5514x0786,(751)980-3163,katieallison@leonard.com,17-11-2021,http://www.kaufman.org/
6,7,73B22Ac8A43DD1A,Julie,Cooley,"Yu, Norman and Sharp",West Sandra,Japan,+1-675-243-7422x9177,(703)337-5903,priscilla88@stephens.info,26-03-2022,http://www.sexton-chang.com/
7,8,DC94CCd993D311b,Lauren,Villa,"French, Travis and Hensley",New Yolanda,Fiji,081.226.1797x647,186.540.9690x605,colehumphrey@austin-caldwell.com,14-08-2020,https://www.kerr.com/
8,9,9Ba746Cb790FED9,Emily,Bryant,"Moon, Strickland and Combs",East Normanchester,Seychelles,430-401-5228x35091,115-835-3840,buckyvonne@church-lutz.com,30-12-2020,http://grimes.com/
9,10,aAa1EDfaA70DA0c,Marie,Estrada,May Inc,Welchton,United Arab Emirates,001-648-790-9244,973-767-3611,christie44@mckenzie.biz,03-09-2020,https://www.salinas.net/
10,11,bf104C25d0BA4E1,Nichole,Cannon,Rios and Sons,Rowlandberg,Burundi,647787401,139.476.1068,blandry@henson-harris.biz,26-04-2021,http://www.humphrey.org/
11,12,bf2fA37cbAd7dDc,Bernard,Ritter,Bradford and Sons,West Francisco,Palau,292.313.1902,(065)075-0554,tammiepope@arroyo-baldwin.com,19-01-2022,http://sellers.biz/
12,13,4fa8ffcdBbf53bB,Darryl,Archer,Kerr-Cherry,Holtfurt,Uganda,(389)437-1716,092.364.7349x593,woodalejandro@skinner-sloan.biz,18-04-2022,https://www.daniels.com/
13,14,aBd960429ecd363,Ryan,Li,"Hooper, Cross and Holt",Moniquemouth,Liechtenstein,001-119-787-0125x4500,001-477-254-3645,lmassey@duke.com,06-03-2021,http://nunez.com/
14,15,2a0c691Ce19C6f3,Vicki,Nunez,"Leonard, Galvan and Blackburn",Barbaraborough,Haiti,(217)474-0312,(098)195-0840x79579,zgrant@sweeney.com,30-01-2022,https://reynolds.com/
15,16,B58fecf82f997Dd,Sean,Townsend,Preston-Sosa,Velasquezberg,Iran,001-534-283-5153,5786415664,lkline@maxwell.info,30-05-2020,http://www.vargas.biz/
16,17,41d0201DcF028b5,Sophia,Mathis,Richard-Velasquez,Toddhaven,Switzerland,001-858-762-7896x916,274-147-4185x15182,brockmason@faulkner-may.com,23-01-2020,http://www.vaughn.com/
17,18,B1A1b09CD5C3b6a,Helen,Potts,"Rangel, Livingston and Patel",Douglasland,Seychelles,(140)862-2659,-8339,carrollmia@donovan-keith.com,27-07-2021,http://www.kennedy-edwards.biz/
18,19,ba5a73D210dCcE4,Joann,Finley,Harvey PLC,Barrettshire,Montserrat,(941)715-8720x950,155.433.4824x955,gabriela86@sampson.com,11-04-2022,http://www.harrell.com/
19,20,F6cD561cecdfA6d,Thomas,Walsh,Best-Thomas,Roblesport,Kiribati,679.326.0724,001-305-038-6009,timcoleman@frank-king.org,11-09-2020,http://www.kane.com/
20,21,dEb9310eec04a8D,Cristina,Lam,Watts-Allison,West Jocelynfort,Korea,4292705811,(086)253-7505x70576,charlotte16@hood-zhang.org,04-01-2020,http://whitehead.net/
21,22,ed3894D6DE7F711,Vicki,Heath,"Cherry, Schultz and Ruiz",Port Cameronbury,Bangladesh,(889)311-5580x6390,(260)437-9972,alan46@benjamin.com,06-11-2020,https://www.bird.com/
22,23,EFeFaC727F12CDF,Glenn,Wang,Warner-Hodge,West Rachael,Gabon,834.104.6424x8311,001-741-628-9295,anna80@mata.com,01-01-2022,http://brooks-kerr.com/
23,24,c5CB6C5bFB91fdC,Darius,Benitez,Giles LLC,Mejiashire,Jersey,+1-797-864-3151x25142,139-216-5379x6030,garrettdurham@olsen.com,28-02-2022,https://washington.com/
24,25,C30B3E82E8D89cC,Xavier,Cruz,Wiley Ltd,Moniquemouth,Latvia,019-418-8625x65148,343.078.5725x91296,andersongrant@pugh.com,07-02-2020,https://www.cohen.info/
25,26,3d7bE19696ea8Ff,Douglas,Galloway,Duffy Inc,Eileenbury,Mongolia,+1-205-528-2409x137,8018224814,caleb11@velazquez.com,24-10-2021,http://www.mcneil.net/
26,27,A093aA90fa014FE,Phyllis,Becker,Oneal and Sons,Rowlandberg,Bouvet Island (Bouvetoya),-5794,(756)521-2942,darrylshort@bright-tucker.com,02-07-2020,https://www.farrell.com/
27,28,a470984c5dBfcC4,Ebony,Murphy,Barry-Martinez,Atkinsfurt,Vanuatu,772-492-3142,(877)635-9717,vpowers@moyer.com,17-02-2020,http://www.dorsey.com/
28,29,b1d4abfbCb67feE,Tyler,Stevenson,Burns and Sons,Rowlandberg,Sri Lanka,001-239-175-8518x52340,596.077.7972x616,mmayo@gilbert.com,02-03-2022,http://www.fry.org/
29,30,d667bCC84Ff45Bb,Cesar,Bernard,Potter-Ho,Moniquemouth,Iraq,165-366-3660x432,+1-579-640-2940x529,damon31@grant-morrison.com,04-09-2021,https://bryan-walters.com/
